title,summary
공기살인,"봄이 되면 나타났다 여름이 되면 사라지는 죽음의 병. 공기를 타고 대한민국에 죽음을 몰고 온 살인무기의 실체를 밝히기 위한 그들의 사투. 증발된 범인, 피해자는 증발되지 않았다!"
극장판 귀멸의 칼날: 무한열차편,"혈귀로 변한 여동생 ‘네즈코’를 되돌리기 위해 귀살대가 된 ‘탄지로’!  어둠 속을 달리는 무한열차에서 승객들이 흔적 없이 사라진다는 소식에 ‘젠이츠’, ‘이노스케’와 함께 임무 수행을 위해 무한열차에 탑승한다. 그리고 그 곳에서 만난 귀살대 최강 검사 염주 ‘렌고쿠’!  이들은 무한열차에 숨어 있는 혈귀의 존재를 직감하고 모두를 구하기 위해 목숨을 건 혈전을 시작하는데…  그 칼로 악몽을 끊어라!"
쓰리: 아직 끝나지 않았다,"1979년 소비에이트연방 카자흐스탄. 최고의 수사팀에 합류하게 된 패기 넘치는 신입 수사관 '셰르'는 마을을 뒤흔든 연쇄 살인마의 뒤를 쫓는다.  살인마와의 교묘한 심리전 속에 사건의 실마리가 점점 드러나고 새로운 사건의 혼란한 틈에  ‘셰르’의 누나 ‘다나’가 갑자기 사라지게 되는데…  기록될 수 없었던 어느 살인 사건의 실화!"
소설가의 영화,"여소설가가 잠적한 후배의 책방으로 먼 길을 찾아옵니다. 그리고 혼자 타워를 오르고 영화감독 부부를 만나고 공원을 산책하다 여배우를 만나게 되고, 여배우에게 당신과 영화를 만들고 싶다 설득을 합니다. 둘이 분식집에서 뭘 먹고, 다시 찾게 되는 후배의 책방에서 술자리가 깊어지고 여배우는 취해 잠이 드는데…"
팔마,"엄마와 이별 후 난생처음 아빠와 지내게 된 9살 소년 ‘콜리아’는 공항 활주로를 떠나지 못하는 떠돌이견 ‘팔마’와 친구가 된다.  비행기를 타고 떠난 주인을 애타게 기다리는 ‘팔마’를 위해 ‘콜리아’는 주인 찾기 프로젝트를 시작하고, 어느새 유명 인사가 된 ‘팔마’를 보려는 사람들로 공항은 북적이지만 주인은 좀처럼 나타나지 않는데…  “기다리면 만날 수 있을까요?”"
"위대한 계약: 파주, 책, 도시","책을 만들면 구속되던 시절 책의 유토피아를 꿈꾸는 이들이 있었다 이들의 꿈에 새로운 도시를 희망한 건축가들이 동참했다  위험한 계약이라 불리던 ‘위대한 계약’ 그리고 세계 어디에도 없던 도시의 탄생!  책과 영상과 예술의 문화 허브에서 새로운 미래를 펼치다!"
열대왕사,"열대야가 심했던 어느 여름 밤, ‘왕쉐밍’은 운전 중 한 남자를 치게 되고 버려둔 채 자리를 떠난다. 자신이 저지른 일에 대해 자백하려고 하지만 뜻대로 되지 않는다. 죄책감으로 인해 죽은 남자의 아내 ‘후이팡’에게 자신의 존재를 밝히지 않은 채로 접근하게 되고, 이들은 점점 가까워진다. 한편, ‘첸’ 형사는 ‘후이팡’ 남편 살인 사건에 대해 점차 파헤치게 되는데..."
헝거,"부유한 빌딩도시 속 삶은 여유롭다 하지만 ‘유지’는 행복하지 않다 가난한 이들이 산다는 하촌에 가면 의미를 찾을 수 있을까? 그러던 어느 날, ‘유지’의 권태로운 하루하루가 뒤집힌다  내가 아닌 내가 되고 싶던 성장통, 그 아픈 순간의 이야기"
"다녀와요, 다녀왔습니다","신의 모습은 없다, 그들 모두 샤먼이다 국립무용단이 새단장한 해오름극장에서 처음 선보이는 대작. 작품의 출발은 ‘샤먼’과 ‘내림굿’ 의식이다. 무대 위 무용수는 모두 샤먼이다. 특별한 능력으로 인해 사회에서 고립되었다가 이내 운명을 받아들이고 입무(入巫)에 드는 내림굿을 거쳐 다시 태어나는 샤먼들, 역경을 이겨내고 용기 내어 삶 속으로 다시 들어가는 샤먼들의 여정이 아름답게 이어진다. 작품 제목인 ‘다녀와요, 다녀왔습니다’는 샤먼 각각이 스스로에게 건네는 인사이자 모든 사람에게 건네는 다정한 안부 인사이다. 손인영 예술감독이 안무를, 이날치 밴드로 폭발적 관심을 받은 장영규가 작곡 및 음악감독을, 드라마 <보건교사 안은영>의 컨셉 작가 윤재원이 연출, 미술감독을 맡았다. 인류 공통의 재산인 무속 문화의 다채로운 면들이 강렬한 신체 에너지와 이미지, 선명한 음악과 어울려 파노라마처럼 극장을 가득 채울 것이다."
앵커,"생방송 5분 전, 방송국 간판 앵커 ‘세라’(천우희)에게 자신이 살해될 것이라며 죽음을 예고하는 제보전화가 걸려온다. 장난전화로 치부하기에는 찝찝한 마음을 감출 수 없는 ‘세라’. 진짜 앵커가 될 기회라는 엄마 ‘소정’(이혜영)의 말에 ‘세라’는 제보자의 집으로 향하고 제보자인 ‘미소’와 그녀의 딸의 시체를 목격한다.  그날 이후, ‘세라’의 눈앞에 죽은 ‘미소’의 모습이 자꾸만 떠오르기 시작한다. 사건 현장에서 미소의 주치의였던 정신과 의사 ‘인호’(신하균)를 마주하게 되며 그에 대한 ‘세라’의 의심 또한 깊어지는데…  완벽했던 앵커를 뒤흔들 충격적인 진실을 확인하라!"
로스트 시티,"전설의 트레저를 차지하기 위해 재벌 페어팩스(다니엘 래드클리프)는 유일한 단서를 알고 있는 베스트셀러 작가 로레타(산드라 블록)를 납치하게 된다. 어쩔 수 없는 비지니스 관계로 사라진 그녀를 찾아야만 하는 책 커버모델 앨런(채닝 테이텀)은 의문의 파트너(브래드 피트)와 함께 위험한 섬에서 그녀를 구하고 무사히 탈출해야만 하는데…  적과 자연의 위험이 도사리는 일촉즉발 화산섬 대환장 케미의 그들이 생존하여 섬을 탈출할 수 있을까?"
4월은 너의 거짓말,"모노톤의 인생을 살고 있는 천재 피아니스트 ‘코세이’ 어느 날 바이올리니스트 ‘카오리’를 만난다. 어머니의 사망 이후 피아노를 치지 않는 ‘코세이’에게 ‘카오리’는 콩쿨에서 함께 연주해 줄 것을 부탁하는데…  벚꽃처럼 나타난 너,  컬러풀한 세상을 연주하기 시작한다!"
세븐틴 파워 오브 러브 : 더 무비,"2021년 열린 온라인 콘서트 ‘POWER OF LOVE’의 감동이 스크린으로 다시 펼쳐진다!  5연속 밀리언셀러, 빌보드 200 2주 연속 차트인, 오리콘 차트 정상을 꿰차며 매번 새로운 역사를 써 내려가는 글로벌 아티스트 SEVENTEEN의 첫 번째 영화! 풍성한 퍼포먼스부터, 13인 멤버들의 속마음 인터뷰, 과거와 현재 그리고 캐럿과 함께 그려나갈 미래를 담은 다채로운 코멘터리까지 전부 담았다!  세상의 모든 사랑을 담아 캐럿에게 보내는 SEVENTEEN의 무비 러브레터!"
중경삼림,"1994년 홍콩,  “내 사랑의 유통기한은 만 년으로 하고 싶다” 만우절의 이별 통보가 거짓말이길 바라며 술집을 찾은 경찰 223 고단한 하루를 보내고 술집에 들어온 금발머리의 마약밀매상  ""그녀가 떠난 후 이 방의 모든 것들이 슬퍼한다"" 여자친구가 남긴 이별 편지를 외면하고 있는 경찰 663 편지 속에 담긴 그의 아파트 열쇠를 손에 쥔 단골집 점원 페이  네 사람이 만들어낸 두 개의 로맨스 새로운 사랑을 만나는 방법에 대한 독특한 상상력"
태어나길 잘했어,"손에 땀 마를 날 없는 ‘다한증’ 춘희는 마늘 까는 아르바이트로 수술비를 모으고 있다.  주변 사람들이 자신을 별로 안 좋아한다며 홀로 살아가던 씩씩한 춘희,  부끄러움과 외로움이 전부였던 그에게 봄처럼 새로운 인연이 시작된다."
복지식당,"사고로 장애인이 된 청년 ‘재기’는 홀로 거동조차 힘든 중증에도 불구하고,  경증의 장애 등급을 받아 힘겨운 싸움 중이다. 하지만 그의 딱한 사정을 봐준 선배 장애인 ‘병호’ 덕에  취업도 하고 대출도 받으며 희망을 되찾는다.  그렇게 삶의 재기가 눈앞에 왔다고 여긴 순간 ‘재기’는  세상에 자신이 중증 장애인임을 증명해야 하는데…  세상의 문턱 앞에 선 ‘재기’를 만난다"
그리스도 디 오리진,"폭력과 탄압으로 세상을 지배하던 로마 시대 예수는 12제자와 함께 하나님의 말씀을 전하고 고통받던 사람들을 사랑으로 치유한다. 위기를 느낀 로마는 예수를 십자가에 처형한다. 3일 후, 예수는 자신의 예언과 같이 부활하는데…   위대한 인류 구원의 역사가 시작된다!"
엄마와 나,"입양으로 헤어졌던 엄마와 아들이 40년 만에 함께 살기로 했다.  엄마가 죽음을 앞두고 있기 때문이다.  타고난 외모와 성격은 완전히 빼다 박았지만, 그 밖의 모든 것들은 완전히 딴판이다.  사실 그들은 서로에게 외국인이기 때문이다. 하지만, 헤어져 살아야 했던 과거의 시간을 보상받고 싶은 마음에 어린 시절로 돌아가기도 하고,  또 한편으로 각자의 가슴 속에 각인된 아픔 때문에 서로에 대한 원망도 커져간다.  두 사람 사이에 앞으로 시간이 얼마나 남아있는지는 알 수가 없다.  서로 곁에 있는 동안에 해야 할 일들이 많다."
고스팅 글로리아,"책에 대해선 모르는 게 없는 서점 직원 글로리아. 30살이 되는 올해에도 연애에는 시큰둥하기만 한 모태솔로 그녀는 사랑 충만한 윗집 커플의 야릇한 층간 소음으로 불면증에 시달리다 결국 이사를 결심한다. 새집에서의 첫날밤, 정체불명의 존재로 인해 생애 첫 오르가즘을 느낀 글로리아는 하루하루 새로운 경험을 통해 사랑의 즐거움에 눈뜨게 되고. 그러던 어느 날, 서점 고객으로 만난 앙헬에게 호감을 느끼고 데이트를 시작하자 매일 밤 글로리아를 찾던 ‘그’ 존재는 신기루처럼 사라져 버리고 마는데…  일도, 사랑도 성공하고 싶은 글로리아의 앞날은 과연?!"
3.5교시,"명문 신하고등학교에는 3교시와 4교시 사이에 비밀이 한가지 숨겨져 있다. 바로 시간이 10배 느리게 흐르고, 10분이 100분이 되는 3.5교시가 존재한다는 것! 백아진(조아)은 3.5교시에 우연히 들어가고 그곳에 갇혀 있던 남학생 강다원(임지섭)을 만난다. 다원을 3.5교시로부터 탈출시키기 위해 아진은 그 곳에 숨겨진 미스테리를 풀어나간다. 그러나 이를 방해하는 자들이 학교에 존재하고 3.5교시를 숨기려고 애쓰는데…  과연 신하고의 3.5교시에는 어떤 비밀이 숨겨져 있는 것일까? 다원은 3.5교시를 무사히 탈출해 아진을 만날 수 있을까?"
신비한 동물들과 덤블도어의 비밀,"1930년대, 제2차 세계대전에 마법사들이 개입하게 되면서 강력한 어둠의 마법사 그린델왈드의 힘이 급속도로 커진다. 덤블도어는 뉴트 스캐맨더에게 위대한 마법사 가문 후손, 마법학교의 유능한 교사, 머글 등으로 이루어진 팀에게 임무를 맡긴다. 이에 뉴트와 친구들은 머글과의 전쟁을 선포한 그린델왈드와 추종자들, 그의 위험한 신비한 동물들에 맞서 세상을 구할 거대한 전쟁에 나선다. 한편 전쟁의 위기가 최고조로 달한 상황 속에서 덤블도어는 더 이상 방관자로 머물 수 없는 순간을 맞이하고, 서서히 숨겨진 비밀이 드러나는데…"
말임씨를 부탁해,"85세 대구의 꼬장 할매 정말임 여사는 자식 도움 1도 필요 없다며 인생 2막을 내돈내산 나홀로라이프로 즐기려 했건만 이놈의 몸이 말썽! 오랜만에 외아들 종욱의 방문 탓에 팔이 부러지고, 이 사고로 요양보호사 미선을 들이게 된다. 엄마 걱정에 CCTV까지 들이는 아들과는 마음과 다르게 모진 말만 오가고, 요양보호사는 어쩐지 꿍꿍이가 있는 것 같아 영 맘에 안 든다. 그렇게 마찰과 화해를 반복하던 중 종욱 가족이 불쑥 찾아온 명절날, 묻어두었던 관계의 갈등이 터져버리는데….  가족이 뭐 별거야? 이제 함께 살 테니 “우리 말임씨를 부탁해!”"
행복을 전하는 편지,"북유럽 발트해 연안의 아름다운 백야 도시 한 마을의 우체국.  세 명의 여성 집배원이 저녁 식탁에 앉아  손 편지에 얽힌 저마다의 감동적인 이야기를 꺼낸다.  죽음의 문턱에서도 평생의 꿈을 포기하지 않는 두 노년의 ‘우정’,  우연히 만난 기차역에서 서로의 상처를 치유하는 두 여자의 ‘용서’,  산타를 향한 가난한 소년의 간절한 기도를 마침내 기적으로 만드는 할아버지의 ‘약속’.  손수건 세 장이 필요한 기적의 감동실화가 지금 당신을 찾아갑니다!"
불도저에 탄 소녀,"이제 스무 살이 될 혜영은 팔에 새긴 용 문신처럼 무엇 하나 두려울 게 없었다, 아빠 본진의 자동차 사고 전까지는. 어느 밤, 본진은 남의 차를 훔쳐 달아나다 의식불명으로 뇌사상태에 빠진다. 피해자는 거액의 합의금을 요구하고, 급기야 집이자 유일한 삶의 터전인 중국집이 2주 후 다른 사람에게 넘어가게 된다. 어린 동생 혜적과 둘만 남게 된 혜영은 이 모든 일들에 의문을 품고 홀로 사건을 되짚어가는데… 마침내 도달한 거짓과 부당함이 뒤엉킨 진실. 자꾸 건드리는 세상을 향한 소녀의 분노가 폭발한다!"
나의 집은 어디인가,"가장 보편적인 공간인 '집'의 의미를 물으며 시작하는 이 다큐멘터리는 '아민'으로 불리길 원하는 한 남성에게 가장 개인적인 이야기를 할 수 있는 안전한 공간을 만들어준다. 누나의 원피스를 입고 장 클로드 반담에 빠져있던 아프가니스탄 카불의 해맑은 소년이 코펜하겐의 성공한 학자가 되기까지 25년의 시간 동안, 그는 무채색의 시간 속을 걸어왔다.  진정한 미래를 살아가기 위해 자신의 과거를 직면해야 했던 한 남자의 실화를 다룬 애니메이션 다큐멘터리."
약속의 네버랜드,"외부와 완전히 단절된 ‘그레이스 필드 하우스’ 고아원. 평화롭고 완벽해 보이는 이곳에는 끔찍한 비밀이 숨겨져 있다.  그 비밀을 알게 된 ‘엠마’, ‘노먼’, ‘레이’는 아이들을 모두 데리고 탈출하기로 결심하지만 고아원의 총책임자 ‘마마’는 절대 호락호락하지 않다.  과연 아이들은 이곳에서 무사히 빠져나갈 수 있을까?"
천국에서 무덤까지,"하루 벌어 하루 먹고 사는 연인 젠산(데이빗 다스트말치안)과 루비(카렌 길런), 어느 날 두 명 모두 차례로 해고를 당하고 젠산은 한탕을 바라며 마지막 가진 돈 전부를 닭싸움 도박에 걸지만 돈을 모두 잃고, 충동적으로 살인까지 저지른다.  연인 루비와 함께 자신의 고향 캔자스로 도망치려는 젠산 도망치기 직전 루비는 그녀의 옆집에서 울고 있는 갓난 아기를 유괴한다. 경찰을 피해 도주 끝에 도착한 고향 캔자스 그곳에는 끔찍한 비밀이 숨겨져 있었는데…  돌이킬 수 없는 강을 건너버린 이들은 과연 어떤 운명을 맞이할 것인가"
수퍼 소닉2,"도시의 악당들을 물리치며 바쁘게 지구를 지키고 있는 초특급 히어로 ‘소닉’. 버섯 행성으로 쫓겨나 ‘소닉’에게 복수를 계획하던 천재 악당 ‘로보트닉’은 엄청난 힘을 지닌 신비의 에메랄드를 차지해 세상을 지배할 야망을 꿈꾸며 지구로 돌아온다! 최강 파워로 업그레이드된 ‘로보트닉’과 강력한 펀치 파워 ‘너클즈’의 공격에 속수무책으로 당하던 ‘소닉’은 하늘을 나는 꼬리를 가진 귀여운 파트너 ‘테일즈’의 도움으로 위기를 모면하게 되는데…  초특급 히어로 소닉과 테일즈 VS 너클즈와 천재 악당 로보트닉 새로운 질서로 세계를 정복하려는 최강 빌런에 맞선 거대한 대결이 시작된다"
스텔라,"막다른 인생 제대로 한 번 달려본 적 없는 차량담보업계 에이스 ‘영배’(손호준). 보스 ‘서사장’(허성태)이 하룻밤 맡긴 슈퍼카가 절친 ‘동식’(이규형)과 함께 감쪽같이 사라지고 영배는 범인으로 몰려 서사장 일당에게 쫓기기 시작한다. 믿을 사람 하나 없고, 도망칠 곳도 없는 그의 앞에 나타난 건 바로 1987년식 오래된 자동차 ‘스텔라’.  최대 시속 50km, 남은 시간은 3시간… 유일한 희망인 스텔라와 함께 보스의 슈퍼카를 반드시 찾아야만 한다!"
앰뷸런스,"인생 역전을 위해 완벽한 범죄를 설계한 형 '대니'와 아내의 수술비를 마련해야만 하는 동생 '윌', 함께 자랐지만 서로 다른 인생을 살아온 두 형제는 각기 다른 목적을 위해 인생을 바꿀 위험한 계획에 뛰어들게 된다.  그러나 한순간의 잘못된 선택으로 인해 모든 계획이 틀어지게 된 두 형제는 구급대원 '캠'과 부상당한 경찰이 탑승한 앰뷸런스를 탈취해 LA 역사상 가장 위험한 질주를 하게 되는데...."
