no,date,kind,gender,place,feature,state
서울-관악-2020-00593,2020-10-17,한국 고양이,암컷,신림동626-5,"결막염,설사,이유식..",공고중
서울-서대문-2020-00102,2020-10-16,푸들,수컷,홍은동 백련근린공원..,양눈눈곱. 코진갈...,공고중
서울-강동-2020-00321,2020-10-15,기타,수컷,둔촌동21번종점옆,설사하고 뒷다리 절..,공고중
서울-성북-2020-00169,2020-10-15,믹스견,암컷,장위로 15길 34..,양귀쫑긋. 코검정...,공고중
서울-서초-2020-00130,2020-10-14,믹스견,암컷,반포동 115-5 ..,마름모무늬목줄.양윗..,공고중
서울-강북-2020-00251,2020-10-14,믹스견,수컷,우이동 산68-1 ..,양귀반접힘. 코검정..,공고중
서울-관악-2020-00587,2020-10-13,진도견,수컷,당곡6라길28,사람경계.공터안에갇..,종료(반환)
서울-종로-2020-00166,2020-10-13,비숑 프리제,수컷,숭인동 178-88..,눈물자국 심함. 코..,공고중
서울-광진-2020-00157,2020-10-12,믹스견,수컷,화양동 44-53 ..,양귀끝접힘. 부정교..,공고중
서울-강동-2020-00317,2020-10-12,포메라니안,수컷,진황도로 61길 2..,"치석있음, 슬개골탈..",종료(반환)
서울-노원-2020-00199,2020-10-11,푸들,수컷,광운대 정문,코검정. 사람따름...,종료(반환)
서울-강서-2020-00203,2020-10-10,말티즈,암컷,등촌동 687 강서..,고령. 왼눈눈곱심함..,공고중
서울-강남-2020-00205,2020-10-09,한국 고양이,암컷,대치동 901-60..,눈곱. 콧물/코분홍..,종료(자연사)
서울-강남-2020-00203,2020-10-08,한국 고양이,수컷,수서동 522-1 ..,눈곱. 콧물/코분홍..,종료(자연사)
서울-관악-2020-00578,2020-10-08,한국 고양이,암컷,신림동564-3,"병원앞발견,호흡기질..",공고중
서울-금천-2020-00148,2020-10-07,기타축종,암컷,독산 4동 일대,눈물자국심함.목뒤 ..,공고중
서울-양천-2020-00282,2020-10-07,스피츠,수컷,신월동111-34 ..,치석있으며좌측눈녹내..,종료(반환)
서울-금천-2020-00143,2020-10-06,믹스견,암컷,독산동 1059 인..,양귀반접힘. 코검정..,공고중
서울-양천-2020-00281,2020-10-06,믹스견,수컷,신정동목동아파트12..,치석약간있으며온순하..,종료(반환)
서울-도봉-2020-00201,2020-10-05,코카 스파니엘,암컷,노해로 152 쌍문..,양눈눈곱.눈물자국...,종료(반환)
서울-관악-2020-00573,2020-10-05,진도견,암컷,행운10길15,"순하고사람잘따름,치..",종료(반환)
서울-중랑-2020-00207,2020-10-05,푸들,수컷,면목동 532-39..,코검정. 발털 미용..,공고중
서울-양천-2020-00276,2020-10-05,푸들,암컷,신월동144-21 ..,치석심하고미용된상태..,종료(반환)
서울-노원-2020-00189,2020-10-04,한국 고양이,수컷,상계동 대호프라자 ..,눈곱.콧물.,종료(입양)
서울-강서-2020-00199,2020-10-03,말티즈,암컷,강서구청 인근,눈곱/눈물자국.코검..,보호중
서울-관악-2020-00566,2020-10-03,기타축종,미상,난곡로26마길10,"패릿,탈진상태",종료(반환)
서울-서울특별시-2020-00037,2020-10-01,하일랜드 폴드,암컷,서울시 도봉구 쌍문..,해당 동물은 서울시..,공고중
서울-동작-2020-00213,2020-09-30,한국 고양이,암컷,장승배기로27가길 ..,온순,종료(입양)
서울-도봉-2020-00199,2020-09-29,한국 고양이,수컷,방학 1동 신도봉시..,눈곱. 콧물. 여윔..,종료(자연사)
서울-서대문-2020-00098,2020-09-29,한국 고양이,암컷,연희로 41길 14..,눈곱. 콧물. 털때..,종료(자연사)
서울-종로-2020-00154,2020-09-29,한국 고양이,암컷,연지동 188-5 ..,눈곱 약간. 코주황..,종료(자연사)
서울-중랑-2020-00204,2020-09-28,말티즈,수컷,봉우재로58길 39..,코갈색. 털 오물오..,공고중
서울-마포-2020-00280,2020-09-28,한국 고양이,수컷,서강로9길45 태영..,탈수,종료(입양)
서울-마포-2020-00279,2020-09-28,한국 고양이,암컷,상암초등학교,탈수심함/매우마른상..,종료(입양)
서울-관악-2020-00560,2020-09-27,포메라니안,수컷,조원초등학교근처,"순하고사람잘따름,피..",종료(반환)
서울-마포-2020-00273,2020-09-26,한국 고양이,수컷,성산중학교,탈수/뒷다리이상,종료(입양)
서울-중구-2020-00075,2020-09-26,기타축종,수컷,을지로 170 을지..,겁많음. 날아다님...,종료(입양)
서울-은평-2020-00194,2020-09-25,라브라도 리트리버,암컷,"대서문길 36, A..",검정목줄/검정손잡이..,보호중
서울-성북-2020-00158,2020-09-25,믹스견,수컷,석관동 철로변 녹지..,앞니갈이중.사람따름..,종료(입양)
서울-용산-2020-00200,2020-09-25,진도견,수컷,서빙고로 73길 9..,겁은 많으나 착하고..,종료(입양)
서울-관악-2020-00550,2020-09-24,치와와,수컷,미성중학교,"치석,피부귀불량,칩..",종료(반환)
서울-동작-2020-00208,2020-09-23,믹스견,수컷,노량진 장성마트 앞..,온순 긴털,보호중
서울-강남-2020-00193,2020-09-22,러시안 블루,수컷,논현동 234-26..,코검정. 사람따름...,보호중
서울-강북-2020-00234,2020-09-22,믹스견,암컷,북한산 특수구조대 ..,양귀반접힘. 배꼽탈..,종료(안락사)
서울-구로-2020-00123,2020-09-21,믹스견,수컷,구로동 일대,고령. 양귀처짐. ..,종료(안락사)
서울-종로-2020-00149,2020-09-21,믹스견,수컷,북한산 족두리봉 인..,양귀반접힘. 코갈색..,보호중
서울-강동-2020-00298,2020-09-20,믹스견,수컷,올림픽로 98길 2..,양귀쫑긋. 코갈색...,보호중
서울-관악-2020-00542,2020-09-20,한국 고양이,수컷,양지병원뒤,"결막염,설사,이유식..",종료(입양)
서울-광진-2020-00141,2020-09-19,믹스견,암컷,영화사로 3 가길 ..,양귀 옆으로 반처짐..,종료(반환)
서울-마포-2020-00263,2020-09-18,한국 고양이,수컷,성산동성미산근처,대퇴골절,종료(반환)
